i_term_essT,i_term_chillTrfg,i_term_evapTrfg,i_term_condTrfg,i_term_Tcab,essQheat,essT,essTcool,essTcoolin,essTcoolout,essmdotcool,coolmdot,coolPpump,rfgPpump,rfgPcomp,chillmdotrfg,chillTcool,chillTcoolin,chillTcoolout,chillTw,chillTrfg,resTrfgout,chillTrfgout,radmdotcool,radmdotair,radTcool,radTcoolin,radTcoolout,radTw,radTair,radTairin,radTairout,plowrfg,phighrfg,evapmdotrfg,evapmdotair,evaphrfg,evaphrfgin,evaphrfgout,chillhrfg,chillhrfgout,mixhrfg,condhrfg,condhrfgin,condhrfgout,evapTrfg,evapTrfgin,evapTrfgout,evapTw,evapTair,evapTairout,evapPfanair,condTrfg,condTrfgin,condTrfgout,condTw,condTair,condTairout,condmdotair,resTrfg,reshrfg,cabTair,cabTairout,cabmdotair,cabTw,rfgNcomp
-0.5146391924849694,2.8721217921971993,0.015223392248431916,0.4169889898241869,0.1164500190274704,0.0,301.1197715989077,300.1723177357412,278.4947895013059,300.1723177357412,0.004748368288657434,0.004748368288657434,3.60875989937965,0.0,2753.8216941116307,0.0027568176727561407,278.4905211497721,300.4090752656269,278.4905211497721,265.1333519918762,263.07372753976694,0.0,266.08453906793187,0.004748368288657434,0.0001,300.4090752656269,300.1723177357412,300.4090752656269,300.44064535842335,300.4910056803273,308.0,292.9820113606546,200000.0,1400000.0,0.01522338156035941,0.1164500190274704,320493.35403683456,245809.69437178393,395177.0137018852,320497.9580082534,395186.2216447229,395178.42551157734,347934.8844712764,427500.44087154686,268369.328071006,263.07372753976694,263.07372753976694,266.07372683985477,263.4529682805076,280.5188016138382,280.5188016138382,194.08336504578403,325.57235906833,328.1195296260099,321.07949806467025,324.94045895417963,310.72143469515305,313.4428693903061,0.4674325592741119,263.07372753976694,267989.1847743683,298.0,0.0,0.1164500190274704,308.0,2.8732810145676093
