i_term_essT,i_term_chillTrfg,i_term_evapTrfg,i_term_condTrfg,i_term_Tcab,essQheat,essT,essTcool,essTcoolin,essTcoolout,essmdotcool,coolmdot,coolPpump,rfgPpump,rfgPcomp,chillmdotrfg,chillTcool,chillTcoolin,chillTcoolout,chillTw,chillTrfg,resTrfgout,chillTrfgout,radmdotcool,radmdotair,radTcool,radTcoolin,radTcoolout,radTw,radTair,radTairin,radTairout,plowrfg,phighrfg,evapmdotrfg,evapmdotair,evaphrfg,evaphrfgin,evaphrfgout,chillhrfg,chillhrfgout,mixhrfg,condhrfg,condhrfgin,condhrfgout,evapTrfg,evapTrfgin,evapTrfgout,evapTw,evapTair,evapTairout,evapPfanair,condTrfg,condTrfgin,condTrfgout,condTw,condTair,condTairout,condmdotair,resTrfg,reshrfg,cabTair,cabTairout,cabmdotair,cabTw,rfgNcomp
-0.2479880261165058,3.0593545307137977,0.015156897774701278,0.7624406718915986,0.1164500190274704,0.0,301.0962253718898,299.97227186045177,287.0590938122795,299.97227186045177,0.01304640745410898,0.01304640745410898,9.915269665122825,0.0,2946.9023467167017,0.004273833401211444,287.05681762018645,300.1269490564911,287.05681762018645,266.28650160749777,263.07372753976694,0.0,266.0824943505719,0.01304640745410898,0.0001,300.1269490564911,299.97227186045177,300.1269490564911,300.1766901531405,300.228808941175,308.0,292.45761788235,200000.0,1400000.0,0.01515778872960935,0.1164500190274704,320321.07172410045,245465.0529427759,395177.090505425,320324.7666320277,395184.4803212795,395178.71583765995,348330.8409638396,427821.2493540817,268840.4325735975,263.07372753976694,263.07372753976694,266.0738170244347,263.4529682805076,280.5188016138382,280.5188016138382,194.08336504578403,325.57235906833,328.3781368386997,321.38396935597245,324.89360317003434,309.62074100346086,311.24148200692173,0.8430492354226851,263.07372753976694,267368.0892563749,298.0,0.0,0.1164500190274704,308.0,3.0602773509529886
