i_term_essT,i_term_chillTrfg,i_term_evapTrfg,i_term_condTrfg,i_term_Tcab,essQheat,essT,essTcool,essTcoolin,essTcoolout,essmdotcool,coolmdot,coolPpump,rfgPpump,rfgPcomp,chillmdotrfg,chillTcool,chillTcoolin,chillTcoolout,chillTw,chillTrfg,resTrfgout,chillTrfgout,radmdotcool,radmdotair,radTcool,radTcoolin,radTcoolout,radTw,radTair,radTairin,radTairout,plowrfg,phighrfg,evapmdotrfg,evapmdotair,evaphrfg,evaphrfgin,evaphrfgout,chillhrfg,chillhrfgout,mixhrfg,condhrfg,condhrfgin,condhrfgout,evapTrfg,evapTrfgin,evapTrfgout,evapTw,evapTair,evapTairout,evapPfanair,condTrfg,condTrfgin,condTrfgout,condTw,condTair,condTairout,condmdotair,resTrfg,reshrfg,cabTair,cabTairout,cabmdotair,cabTw,rfgNcomp
0.03403281471637677,2.588719950658712,0.015205268362067424,0.2390706240021122,0.1164500190274704,0.0,297.99555520482,297.62061859970765,268.5619809480074,297.62061859970765,0.0006860906245759013,0.0006860906245759013,0.5214288746776851,0.0,2899.7971369581883,0.0009939850770382813,268.55204312849105,297.86534583364215,268.55204312849105,263.8168872463653,263.07372753976694,0.0,266.0728641613437,0.0006860906245759013,0.0001,297.86534583364215,297.62061859970765,297.86534583364215,297.8925852887798,297.9599207535924,308.0,287.9198415071848,200000.0,1400000.0,0.015205307592178353,0.1164500190274704,320379.13626684295,245581.25410672853,395177.01842695737,320378.76656443404,395176.27902213956,395176.97305723844,345297.757737417,422831.37023464317,267764.14524019085,263.07372753976694,263.07372753976694,266.07373238814904,263.4529682805076,280.5188016138382,280.5188016138382,194.08336504578403,325.57235906833,325.57235906833,320.6876629897988,325.0151740616158,312.47745643603986,316.9549128720797,0.2505151796562804,263.07372753976694,267573.7192781338,298.0,0.0,0.1164500190274704,308.0,2.5886876709440783
