i_term_essT,i_term_chillTrfg,i_term_evapTrfg,i_term_condTrfg,i_term_Tcab,essQheat,essT,essTcool,essTcoolin,essTcoolout,essmdotcool,coolmdot,coolPpump,rfgPpump,rfgPcomp,chillmdotrfg,chillTcool,chillTcoolin,chillTcoolout,chillTw,chillTrfg,resTrfgout,chillTrfgout,radmdotcool,radmdotair,radTcool,radTcoolin,radTcoolout,radTw,radTair,radTairin,radTairout,plowrfg,phighrfg,evapmdotrfg,evapmdotair,evaphrfg,evaphrfgin,evaphrfgout,chillhrfg,chillhrfgout,mixhrfg,condhrfg,condhrfgin,condhrfgout,evapTrfg,evapTrfgin,evapTrfgout,evapTw,evapTair,evapTairout,evapPfanair,condTrfg,condTrfgin,condTrfgout,condTw,condTair,condTairout,condmdotair,resTrfg,reshrfg,cabTair,cabTairout,cabmdotair,cabTw,rfgNcomp
-0.10383656000999723,2.5533507869776253,0.015214835926347158,0.26914185919167843,0.1164500190274704,0.0,301.02247508819875,300.87987281990604,267.1738376559155,300.87987281990604,0.0004857008897259844,0.0004857008897259844,0.36913267619174817,0.0,2493.398672118579,0.0007579515499823788,267.16711678347116,300.78161161369843,267.16711678347116,263.6404245143501,263.07372753976694,0.0,266.0653764408372,0.0004857008897259844,0.0001,300.78161161369843,300.87987281990604,300.78161161369843,300.79535999831126,300.8433572159165,308.0,293.686714431833,200000.0,1400000.0,0.015214929263688285,0.1164500190274704,320393.9181247078,245610.81406978666,395177.02217962896,320390.3581671596,395169.9022645325,395176.68432256073,347233.28955651505,426888.8933345702,267577.6857784599,263.07372753976694,263.07372753976694,266.0737367946269,263.4529682805076,280.5188016138382,280.5188016138382,194.08336504578403,325.57235906833,327.6283090056493,320.56677706757597,325.0053358405291,312.2479902181367,316.4959804362733,0.26867040324859326,263.07372753976694,267626.4122760448,298.0,0.0,0.1164500190274704,308.0,2.5525064875445587
