i_term_essT,i_term_chillTrfg,i_term_evapTrfg,i_term_condTrfg,i_term_Tcab,essQheat,essT,essTcool,essTcoolin,essTcoolout,essmdotcool,coolmdot,coolPpump,rfgPpump,rfgPcomp,chillmdotrfg,chillTcool,chillTcoolin,chillTcoolout,chillTw,chillTrfg,resTrfgout,chillTrfgout,radmdotcool,radmdotair,radTcool,radTcoolin,radTcoolout,radTw,radTair,radTairin,radTairout,plowrfg,phighrfg,evapmdotrfg,evapmdotair,evaphrfg,evaphrfgin,evaphrfgout,chillhrfg,chillhrfgout,mixhrfg,condhrfg,condhrfgin,condhrfgout,evapTrfg,evapTrfgin,evapTrfgout,evapTw,evapTair,evapTairout,evapPfanair,condTrfg,condTrfgin,condTrfgout,condTw,condTair,condTairout,condmdotair,resTrfg,reshrfg,cabTair,cabTairout,cabmdotair,cabTw,rfgNcomp
0.03697816701097906,0.1592553774829048,31.39878941478004,0.0030015505993658963,546.1309611855897,0.0,297.9949643038716,297.6201285871068,268.55993057764636,297.6201285871068,0.0006855741504132749,0.0006855741504132749,0.5210363543140889,0.0,238.83440820436073,0.0009963947197046395,268.54999317383164,297.86480116241745,268.54999317383164,263.81660929350625,263.07372753976694,0.0,266.07287460188746,0.0006855741504132749,0.0001,297.86480116241745,297.6201285871068,297.86480116241745,297.8920372392663,297.9593763551776,308.0,287.91875271035525,200000.0,1400000.0,0.0,0.0,320544.31667836534,245581.652164575,395506.9811921557,320378.97003907955,395176.2879135841,395176.2879135841,341715.30916073796,415828.58682642906,267602.03149504686,263.07372753976694,263.07372753976694,266.4612305129262,263.07372753976694,263.07372753976694,263.07372753976694,0.0,325.57235906833,325.57235906833,320.58256520747886,325.5388492721476,324.7843807028371,341.56876140567414,0.004021603130540438,263.07372753976694,267573.7192781338,366.263333333322,0.0,0.0,308.0,0.15922637975389534
